Amount,Frequency,Cluster
3621.88,148,4
1336.24,25,2
1228.35,60,2
241.4,12,0
2224.86,72,7
57.5,2,0
800.42,43,6
459.4,13,0
2172.37,43,7
4603.83,97,4
1010.26,17,6
5202.58,205,1
2112.13,113,7
133.5,7,0
4320.88,219,4
474.0,19,0
1041.6,67,6
508.83,14,6
98.1,7,0
2773.26,127,7
1573.5,53,2
1065.24,42,6
292.0,11,0
588.34,24,6
346.6,13,0
1316.16,59,2
3225.26,182,7
691.54,31,6
2143.09,86,7
1220.94,68,2
1468.45,76,2
499.59000000000003,22,0
263.9,7,0
1890.01,72,2
523.16,30,6
367.39,82,0
1349.3,52,2
808.62,19,6
2363.12,124,7
1805.05,98,2
1307.24,66,2
928.35,51,6
32.85,2,0
137.10000000000002,7,0
427.70000000000005,5,0
1077.82,43,6
2430.56,79,7
1403.6,63,2
2252.12,81,7
8885.13,84,8
555.23,21,6
961.25,46,6
645.15,33,6
392.81,15,0
3093.22,163,7
582.6,27,6
544.53,26,6
637.1,35,6
556.76,31,6
1459.74,96,2
1405.01,26,2
594.55,25,6
504.88,26,0
663.55,25,6
5963.92,233,1
3023.64,80,7
179.48,7,0
5273.6,188,1
4211.32,94,4
10820.1,337,9
658.1,43,6
6201.14,29,1
408.36,12,0
3884.45,159,4
2178.52,80,7
158.55,10,0
161.56,11,0
4098.14,139,4
77.4,3,0
759.02,43,6
291.89,17,0
402.95,20,0
3298.37,155,7
172.92,7,0
7596.73,293,8
362.79,17,0
627.59,38,6
2919.22,13,7
2139.91,73,7
2857.0,107,7
2085.19,47,2
753.99,31,6
719.36,29,6
873.67,52,6
1145.42,69,6
938.05,21,6
588.79,38,6
645.69,34,6
16259.16,361,3
5568.51,279,1
3071.18,139,7
5806.51,330,1
600.74,32,6
5706.45,192,1
10736.27,238,9
587.25,30,6
454.4,27,0
2546.8,119,7
4287.45,172,4
2062.05,62,2
3320.55,275,4
1071.21,46,6
298.93,14,0
4388.81,195,4
374.65000000000003,21,0
174.97,13,0
400.74,20,0
1021.85,63,6
923.1,13,6
324.5,19,0
3610.14,50,4
1604.38,111,2
3297.82,128,7
442.09999999999997,7,0
55.9,19,0
968.09,17,6
324.4,60,0
176.5,7,0
857.5699999999999,26,6
115.62,30,0
580.79,33,6
711.08,38,6
346.8,14,0
1144.46,23,6
1931.21,225,2
1812.43,108,2
320.64,16,0
2177.2,122,7
515.58,32,6
136.06,9,0
1535.97,90,2
3595.2799999999997,111,4
1072.14,56,6
279.71000000000004,14,0
1374.49,68,2
1425.2,52,2
119.32000000000001,16,0
210.75,10,0
885.36,52,6
437.45,23,0
11899.730000000001,219,9
292.1,17,0
4463.15,212,4
10893.81,385,9
771.42,38,6
320.32,16,0
853.15,41,6
863.0,50,6
149.2,6,0
67.19999999999999,4,0
741.28,44,6
119.5,7,0
437.82,20,0
2778.68,146,7
518.3,98,6
9654.94,26,9
264.92,10,0
364.61,17,0
1628.89,82,2
238.85,16,0
3061.91,142,7
383.1,17,0
140.88,8,0
276.25,14,0
7989.16,371,8
3140.81,148,7
403.01,28,0
784.53,47,6
118.49,24,0
167.45000000000002,9,0
1078.48,71,6
501.21,113,6
2227.68,85,7
384.82,25,0
259.6,15,0
187.75,14,0
364.34,14,0
5444.67,193,1
1974.39,81,2
1611.37,73,2
156.14000000000001,8,0
144.0,4,0
189.39999999999998,9,0
582.68,33,6
6642.5599999999995,47,1
347.7,20,0
314.3,13,0
361.7,18,0
2836.11,99,7
465.03,21,0
3023.74,173,7
2558.86,106,7
783.04,46,6
1469.39,42,2
484.66,22,0
134.32,10,0
739.1999999999999,2,6
184.24,12,0
1285.94,81,2
961.81,50,6
1725.85,87,2
1098.42,59,6
549.24,14,6
2527.74,117,7
300.6,19,0
1826.99,84,2
581.1,23,6
279.44,33,0
106.21000000000001,6,0
2713.0099999999998,67,7
1010.87,71,6
10831.53,373,9
121.6,8,0
274.8,16,0
473.53,28,0
1928.6,65,2
5770.54,248,1
3473.29,183,4
577.12,32,6
1088.13,55,6
518.9,23,6
1905.21,85,2
1361.52,79,2
4966.78,312,1
557.63,30,6
374.5,15,0
930.24,39,6
171.04999999999998,9,0
850.53,38,6
2960.06,20,7
407.67,26,0
1387.18,58,2
1044.13,34,6
2977.79,93,7
246.6,15,0
528.21,26,6
170.32,14,0
103.80000000000001,8,0
819.08,41,6
1536.86,29,2
446.4,28,0
2945.52,101,7
1534.03,42,2
572.65,29,6
58.68000000000001,3,0
211.95000000000002,11,0
2898.23,175,7
3940.6800000000003,30,4
63.0,3,0
391.65000000000003,26,0
3249.14,132,7
2250.59,79,7
2459.85,77,7
225.9,10,0
439.42,33,0
1649.64,69,2
1182.51,38,2
14364.32,136,3
856.46,36,6
678.59,39,6
10870.13,497,9
9728.21,417,9
7041.05,285,8
1659.19,81,2
2339.11,124,7
33.58,3,0
4111.5199999999995,142,4
1086.59,60,6
307.51,13,0
917.6,25,6
722.01,32,6
706.47,30,6
369.4,20,0
605.92,28,6
3800.56,204,4
732.27,47,6
144.55,8,0
220.35,15,0
1735.7,65,2
5801.99,278,1
517.9200000000001,27,6
2139.09,125,7
7753.98,165,8
921.04,62,6
3191.4500000000003,99,7
683.07,29,6
3754.14,208,4
305.3,18,0
771.36,49,6
868.96,44,6
197.93,14,0
501.45,31,0
4649.84,281,4
2263.8,138,7
694.43,42,6
496.71999999999997,50,0
867.01,43,6
393.8,22,0
2235.06,103,7
3051.26,108,7
692.33,39,6
377.81,21,0
15063.119999999999,223,3
131.84,7,0
331.85,19,0
110.39999999999999,4,0
631.0799999999999,32,6
140.4,2,0
124.75,9,0
898.26,31,6
380.0,24,0
425.64,100,0
19520.68,184,5
2931.4,76,7
3237.84,159,7
208.88,11,0
3805.92,44,4
16256.35,149,3
2638.85,54,7
3811.95,4,4
91.67999999999999,3,0
7065.79,300,8
2566.75,89,7
1122.62,70,6
1671.83,54,2
272.82,9,0
1484.23,39,2
5860.1900000000005,252,1
788.28,24,6
1186.45,10,2
756.56,44,6
1220.8,57,2
687.05,40,6
3311.54,123,4
598.1800000000001,19,6
1838.05,82,2
1652.06,64,2
495.52,48,0
243.95,10,0
359.86,16,0
71.9,3,0
259.58,17,0
177.60000000000002,1,0
275.2,16,0
449.23,18,0
716.77,38,6
255.93,11,0
254.03,13,0
6977.04,8,8
404.3,22,0
371.35,21,0
443.41,22,0
469.6,28,0
172.60000000000002,10,0
125.92,2,0
710.0600000000001,36,6
503.0,25,0
126.03999999999999,3,0
989.8000000000001,10,6
864.7,53,6
72.92,5,0
743.12,37,6
1300.5,3,2
303.04,20,0
1196.43,74,2
317.84000000000003,17,0
822.01,48,6
263.05,10,0
4884.32,27,1
123.85,5,0
310.7,22,0
265.56,16,0
260.3,15,0
2149.01,143,7
117.10000000000001,11,0
549.14,92,6
4525.83,255,4
2193.66,90,7
3384.71,337,4
818.07,28,6
1568.16,90,2
264.46000000000004,45,0
65.49,21,0
719.26,72,6
926.0799999999999,43,6
96.85,43,0
280.95,15,0
1512.42,62,2
1153.24,95,6
38.1,3,0
1767.81,254,2
781.75,34,6
521.2,5,6
147.12,3,0
1291.55,77,2
521.6,23,6
3310.04,442,4
1175.17,77,2
330.53999999999996,8,0
480.56,51,0
170.0,2,0
293.76000000000005,1,0
1700.67,64,2
1209.08,133,2
757.43,41,6
352.18,7,0
298.0,7,0
1118.3999999999999,9,6
537.76,31,6
288.25,6,0
911.42,55,6
1152.53,69,6
247.62,4,0
319.93,65,0
246.00000000000003,2,0
163.59,27,0
257.45,15,0
186.8,3,0
14889.63,92,3
108.68,8,0
440.26,58,0
2006.24,48,2
750.0,2,6
1950.53,78,2
2679.4,64,7
1215.66,19,2
1972.31,38,2
262.9,15,0
2305.5,81,7
594.0,2,6
1210.56,44,2
119.28,21,0
13377.73,578,3
345.23,24,0
130.53,22,0
561.63,21,6
622.35,40,6
1793.7,74,2
85.9,6,0
358.64,22,0
420.99,87,0
1856.2,108,2
731.75,47,6
1077.27,90,6
70.46,5,0
7381.2,35,8
754.16,80,6
585.08,66,6
434.13,21,0
410.9,20,0
1422.55,87,2
1584.94,88,2
3216.3,167,7
1189.2,16,2
895.38,52,6
1150.0900000000001,65,6
241.5,12,0
3898.6,147,4
93.62,17,0
3307.49,198,4
222.25,12,0
1514.48,78,2
617.52,90,6
88.9,6,0
1481.2,18,2
44.75,2,0
330.33,112,0
8946.09,247,8
113.0,6,0
670.26,18,6
32.79,8,0
6663.54,16,1
338.32,18,0
321.99,23,0
37.5,2,0
978.8000000000001,61,6
394.95,20,0
477.22,82,0
5944.26,58,1
289.90000000000003,10,0
428.82,26,0
399.91,26,0
671.91,43,6
173.16,2,0
955.79,48,6
274.2,17,0
433.67,24,0
7115.42,271,8
85.85,5,0
134.05,5,0
4565.85,327,4
346.0,19,0
81.57,4,0
229.46999999999997,14,0
50.550000000000004,3,0
1437.25,77,2
3856.08,173,4
3087.98,91,7
2518.8,129,7
650.93,39,6
204.0,1,0
5609.15,359,1
2120.37,105,7
611.52,35,6
590.76,26,6
5760.0,22,1
471.56,33,0
910.5999999999999,7,6
703.87,82,6
870.68,59,6
171.05,10,0
463.83,26,0
744.08,23,6
723.4,37,6
652.46,21,6
535.61,34,6
409.02,10,0
512.47,30,6
213.48000000000002,13,0
523.54,28,6
2510.59,134,7
1561.24,112,2
607.0,11,6
4642.92,316,4
284.5,14,0
1034.29,63,6
131.3,6,0
157.20000000000002,6,0
275.13,13,0
196.86,9,0
286.5,10,0
789.3100000000001,50,6
188.16,13,0
414.68,40,0
88.28,11,0
344.0,2,0
3682.22,340,4
208.0,8,0
142.35000000000002,6,0
686.28,15,6
550.2,83,6
9958.93,279,9
190.10000000000002,5,0
44.879999999999995,5,0
3396.33,64,4
234.59,15,0
347.95,19,0
7205.99,129,8
199.62,13,0
450.46999999999997,23,0
6088.71,127,1
1698.3600000000001,21,2
74.39999999999999,6,0
4840.78,343,1
23067.31,455,5
207.35999999999999,1,0
74.24000000000001,5,0
5312.86,253,1
205.54,6,0
645.12,12,6
76.5,1,0
1007.0799999999999,42,6
295.1,8,0
619.35,37,6
1174.25,114,2
10592.01,159,9
1950.3700000000001,100,2
419.04,26,0
732.54,61,6
1080.17,65,6
30.599999999999998,1,0
208.75,40,0
782.1,47,6
3283.94,195,7
1686.21,110,2
192.42000000000002,11,0
64.0,2,0
885.6999999999999,35,6
45.0,1,0
77.25,5,0
1398.41,77,2
3096.0,1,7
1910.67,95,2
2950.69,564,7
805.53,52,6
3885.96,129,4
290.44,33,0
1843.91,106,2
259.36,19,0
110.95,3,0
380.92,4,0
191.41,15,0
475.20000000000005,3,0
2906.64,253,7
1311.1399999999999,72,2
934.47,57,6
457.96000000000004,13,0
856.57,74,6
1328.6399999999999,65,2
892.67,60,6
1305.85,108,2
41.099999999999994,2,0
86.55,6,0
1381.57,62,2
870.42,37,6
337.05,35,0
689.09,55,6
1044.89,100,6
642.3800000000001,11,6
90.14999999999999,26,0
421.61,39,0
299.81,36,0
2242.06,253,7
451.5,63,0
264.75,16,0
4716.52,212,4
95.68,9,0
2666.0800000000004,70,7
1446.8,146,2
71.4,1,0
1210.38,59,2
212.48,32,0
114.60000000000001,2,0
234.16,26,0
714.65,50,6
86.83,22,0
60.7,3,0
1386.64,87,2
2669.2200000000003,180,7
7454.139999999999,94,8
578.44,35,6
583.66,38,6
224.16000000000003,7,0
1005.57,121,6
4610.09,253,4
261.24,16,0
851.1700000000001,44,6
606.25,113,6
1166.52,73,2
79.62,2,0
376.06000000000006,3,0
42.84,4,0
599.39,18,6
676.99,54,6
145.8,4,0
1875.05,94,2
5030.08,27,1
66.66,11,0
166.5,6,0
179.0,1,0
147.9,9,0
2366.19,504,7
1091.98,167,6
462.8,35,0
677.0,39,6
651.15,31,6
543.28,27,6
240.79,15,0
451.21,48,0
249.60000000000002,12,0
463.77,49,0
93.59,19,0
405.0,15,0
1495.53,111,2
357.3,18,0
408.38,23,0
711.41,23,6
756.56,28,6
367.41,11,0
492.49,32,0
252.86,70,0
325.12,4,0
845.1,8,6
182.44,10,0
1868.3500000000001,77,2
3008.27,153,7
3635.28,164,4
2406.5099999999998,341,7
4514.2300000000005,262,4
590.0,1,6
177.72,77,0
243.96,13,0
110.24,12,0
462.93,24,0
258.4,8,0
449.0,39,0
137.75,9,0
689.25,69,6
856.24,29,6
93.66,7,0
143.89000000000001,10,0
1990.91,137,2
223.57,29,0
428.09999999999997,24,0
689.79,41,6
150.8,8,0
87.4,5,0
1646.1499999999999,48,2
360.0,2,0
82.80000000000001,4,0
328.69,18,0
495.17,67,0
255.27,18,0
1670.7,67,2
15.0,1,0
1193.41,47,2
1164.29,84,2
848.63,54,6
419.78000000000003,18,0
1411.54,68,2
687.8100000000001,55,6
4950.34,69,1
1718.17,93,2
381.52,14,0
8685.14,385,8
1247.6,85,2
310.4,9,0
182.23000000000002,23,0
429.55,15,0
4588.7699999999995,54,4
638.5,10,6
2590.39,83,7
1278.6,15,2
553.26,14,6
939.25,42,6
259.35,15,0
2863.3,216,7
708.34,45,6
465.11,17,0
667.67,42,6
8559.12,107,8
669.65,36,6
216.28,11,0
2042.0,92,2
268.35,15,0
253.2,6,0
178.86,11,0
217.32,14,0
767.53,32,6
327.64,14,0
333.38,21,0
551.75,40,6
581.8,26,6
623.36,33,6
497.3,77,0
357.67,23,0
311.35,18,0
2692.2,144,7
747.47,47,6
113.46,8,0
1760.77,101,2
56.160000000000004,1,0
556.23,24,6
177.88,9,0
702.07,35,6
290.61,17,0
2777.37,131,7
491.39,27,0
753.8000000000001,39,6
398.65,72,0
2897.09,137,7
175.29,12,0
3217.32,117,7
413.75,26,0
486.24,24,0
643.81,41,6
464.28,11,0
59.8,1,0
1999.02,124,2
281.56,18,0
1188.4,36,2
917.3100000000001,26,6
331.13,18,0
472.34000000000003,32,0
60.0,2,0
214.98999999999998,9,0
456.0,20,0
21944.56,382,5
875.0600000000001,23,6
179.45000000000002,14,0
802.62,15,6
572.0,15,6
516.53,23,6
5057.6,253,1
202.34,14,0
125.85,7,0
1446.08,85,2
1839.8,92,2
1244.4,55,2
2853.6800000000003,128,7
500.24,24,0
179.46,61,0
823.24,53,6
602.57,43,6
789.06,34,6
509.28000000000003,9,6
3036.71,80,7
154.39,9,0
2658.36,131,7
221.51,43,0
240.44,10,0
871.8000000000001,46,6
2598.1600000000003,150,7
188.9,13,0
1442.46,54,2
2267.46,342,7
590.0,2,6
262.58,14,0
890.34,39,6
1652.5900000000001,55,2
7694.4800000000005,305,8
157.94,15,0
1258.9,23,2
102.0,6,0
556.01,34,6
250.12,14,0
803.53,81,6
4566.61,246,4
132.0,8,0
2156.1,217,7
382.56,19,0
148.39000000000001,47,0
1236.98,73,2
1047.22,47,6
1280.66,68,2
196.0,9,0
1547.57,93,2
184.64,11,0
130.26,9,0
282.0,6,0
350.59000000000003,17,0
968.46,59,6
547.5,32,6
7109.46,338,8
415.32,11,0
962.6,67,6
992.94,40,6
523.78,6,6
263.1,15,0
1350.47,36,2
559.13,29,6
297.95,15,0
980.01,34,6
963.5,54,6
1040.04,45,6
170.68,12,0
164.6,14,0
258.43,20,0
3640.05,173,4
369.42,21,0
1995.35,128,2
82.32000000000001,10,0
598.82,32,6
1522.28,95,2
192.56,11,0
205.1,10,0
116.80000000000001,3,0
735.02,48,6
1277.97,36,2
1791.31,119,2
609.84,34,6
98.85000000000001,7,0
3208.16,80,7
842.32,336,6
72.4,3,0
3507.66,148,4
498.34000000000003,20,0
322.0,3,0
1917.8,179,2
228.51,10,0
448.95,20,0
165.54,49,0
202.43,55,0
4302.18,225,4
2921.56,152,7
1043.25,21,6
598.76,35,6
248.91,72,0
498.78000000000003,79,0
530.21,94,6
736.8000000000001,41,6
73.95,3,0
3156.12,95,7
3177.35,107,7
466.1,27,0
514.25,141,6
138.35000000000002,27,0
129.16,11,0
1590.18,72,2
703.39,38,6
1555.3899999999999,70,2
200.16,33,0
749.6800000000001,141,6
177.85,38,0
321.31,72,0
192.47,21,0
1620.3,261,2
854.5300000000001,21,6
254.9,22,0
582.97,37,6
5681.8,107,1
1329.1,65,2
339.24,17,0
47.2,7,0
610.71,41,6
107.2,16,0
712.4,8,6
1732.25,125,2
347.0,19,0
1291.68,63,2
863.01,43,6
211.31,13,0
1714.1200000000001,107,2
361.43,23,0
512.55,130,6
160.29,32,0
4204.6900000000005,195,4
158.67,13,0
536.79,73,6
403.69,22,0
155.44,24,0
214.82,31,0
511.66,76,6
944.22,186,6
972.0500000000001,61,6
1187.38,156,2
407.49,22,0
491.06,37,0
142.56,10,0
163.97,13,0
643.78,69,6
210.61,15,0
1091.09,71,6
5312.37,43,1
1478.88,56,2
3070.42,11,7
1570.49,106,2
1294.72,155,2
825.83,48,6
740.37,49,6
629.85,81,6
97.14,7,0
925.2,33,6
310.8,56,0
475.90000000000003,25,0
2171.04,118,7
102.69999999999999,3,0
1147.28,62,6
301.3,21,0
1563.69,82,2
63.3,4,0
828.88,48,6
2180.96,136,7
789.16,47,6
262.79,39,0
304.44,14,0
1870.6,81,2
1273.66,82,2
667.54,41,6
169.97,12,0
81.7,11,0
229.45000000000002,73,0
5117.58,386,1
148.95,6,0
290.56,20,0
117.54,4,0
247.79,45,0
405.82,22,0
227.8,15,0
3074.09,151,7
707.9300000000001,48,6
59.5,3,0
61.83,27,0
1385.1,28,2
63.5,7,0
731.0,5,6
172.25,9,0
1275.84,45,2
1881.3700000000001,66,2
121.53999999999999,9,0
259.08,12,0
1747.5900000000001,155,2
99.5,1,0
1793.05,103,2
654.22,25,6
285.34000000000003,17,0
683.61,41,6
217.36,37,0
5203.87,274,1
180.48,8,0
192.71,10,0
192.84,9,0
991.79,92,6
109.03,17,0
1172.3,77,2
152.2,8,0
661.68,40,6
567.05,31,6
482.68,25,0
2006.27,66,2
140.4,4,0
1642.6399999999999,82,2
838.86,35,6
236.25,14,0
803.2,50,6
698.9,40,6
422.7,27,0
333.11,24,0
2320.61,155,7
614.34,159,6
229.65,24,0
216.9,3,0
257.09,16,0
532.63,28,6
2350.43,251,7
1152.9599999999998,35,6
857.39,52,6
273.76,22,0
79.6,1,0
666.97,23,6
1246.95,18,2
264.05,7,0
910.67,57,6
557.36,28,6
215.39999999999998,9,0
1730.91,273,2
3721.09,106,4
2317.66,88,7
659.4100000000001,25,6
261.14,52,0
826.65,56,6
306.71999999999997,7,0
1537.3600000000001,14,2
1167.73,159,2
14110.570000000002,295,3
2280.31,111,7
2152.05,97,7
894.64,134,6
291.5,18,0
18615.84,156,5
178.7,9,0
223.45,46,0
111.99,15,0
737.71,97,6
1879.77,23,2
213.0,6,0
234.19,26,0
289.64,37,0
1371.0,10,2
132.05,9,0
600.66,33,6
419.12,24,0
268.7,19,0
3415.12,47,4
257.27,16,0
2102.1,110,7
616.4,11,6
181.15,6,0
112.6,7,0
1442.0,62,2
155.05,12,0
703.4200000000001,26,6
456.75,9,0
419.66,28,0
978.71,52,6
1194.32,46,2
3339.13,142,4
544.01,26,6
361.32,22,0
938.85,30,6
333.47,48,0
513.86,76,6
848.74,34,6
1387.69,33,2
174.5,9,0
337.57,80,0
184.44,13,0
1438.6,60,2
52.199999999999996,3,0
352.0,25,0
645.62,45,6
271.24,19,0
620.82,152,6
85.0,1,0
2633.55,158,7
330.62,18,0
247.57999999999998,7,0
640.15,42,6
1170.0,4,2
1231.98,82,2
1374.73,80,2
2292.56,67,7
954.4399999999999,19,6
6211.15,89,1
361.3,12,0
199.17,10,0
158.23,22,0
1056.7,65,6
1872.61,117,2
278.18,18,0
443.06,26,0
134.17000000000002,6,0
813.63,49,6
292.0,21,0
2443.5,241,7
2046.34,91,2
5309.28,275,1
311.93,19,0
291.1,13,0
1498.3700000000001,86,2
122.7,7,0
99.84,2,0
928.04,28,6
2505.07,126,7
14256.1,138,3
905.86,50,6
2187.02,116,7
541.25,40,6
471.7,26,0
191.96,13,0
301.84000000000003,16,0
515.38,33,6
387.20000000000005,14,0
1508.22,88,2
429.40999999999997,21,0
671.6,15,6
342.8,20,0
1987.1200000000001,95,2
269.36,14,0
141.17000000000002,10,0
297.02,14,0
594.44,35,6
2140.05,110,7
269.4,21,0
1839.19,100,2
1950.72,116,2
502.65,26,0
244.14,16,0
1117.44,26,6
318.36,23,0
158.75,6,0
268.43,17,0
1476.51,94,2
542.0699999999999,31,6
119.85000000000001,6,0
270.69,16,0
362.63,21,0
648.0500000000001,7,6
272.6,14,0
1067.43,48,6
198.05,11,0
521.7900000000001,19,6
853.5,28,6
312.88,22,0
143.85,8,0
41.739999999999995,4,0
446.15,33,0
652.24,39,6
2913.7000000000003,28,7
561.5699999999999,11,6
90.6,5,0
102.0,3,0
1788.21,129,2
652.93,30,6
535.25,31,6
2654.661,113,7
1723.32,13,2
364.52,21,0
210.58,21,0
818.28,115,6
415.12,71,0
223.26,11,0
153.95,10,0
570.84,30,6
6970.02,507,8
2319.2000000000003,125,7
100.74,8,0
264.7,11,0
353.89,24,0
2082.37,270,2
357.98,10,0
132.72,11,0
651.32,41,6
184.06,8,0
1454.7,82,2
1852.8700000000001,85,2
457.53,12,0
5653.76,279,1
244.68,10,0
3468.77,199,4
1009.02,32,6
279.5,14,0
681.33,70,6
76.8,5,0
2984.37,101,7
1885.8500000000001,129,2
1198.97,72,2
2900.96,157,7
613.16,14,6
1771.88,34,2
403.77,37,0
3868.04,143,4
2392.92,66,7
674.25,21,6
535.36,32,6
258.9,9,0
294.3,22,0
382.64,28,0
820.5,18,6
3355.43,122,4
1089.96,51,6
489.0,32,0
509.1,18,6
370.1,22,0
516.07,27,6
244.2,12,0
104.82,6,0
432.26,13,0
1933.68,195,2
14445.99,199,3
2321.44,111,7
535.36,75,6
1006.52,46,6
555.37,33,6
117.3,25,0
1288.68,77,2
119.19999999999999,4,0
2922.11,187,7
128.85999999999999,18,0
489.39,160,0
1251.75,5,2
114.66,8,0
878.24,21,6
343.43,70,0
4571.49,389,4
640.66,46,6
12187.65,167,9
185.37,47,0
260.25,4,0
92.46000000000001,6,0
208.04,7,0
5295.5199999999995,236,1
99.0,5,0
4908.0,166,1
8193.470000000001,92,8
1110.4099999999999,61,6
119.85,5,0
264.91,40,0
174.25,19,0
1116.51,254,6
117.03999999999999,10,0
657.74,35,6
94.14,36,0
379.17,36,0
955.9699999999999,53,6
267.95,8,0
45.599999999999994,4,0
724.64,112,6
153.4,23,0
879.44,150,6
3644.98,373,4
145.97,52,0
153.75,12,0
76.32000000000001,1,0
3183.59,167,7
358.87,91,0
132.46,16,0
2639.79,205,7
150.6,20,0
5800.18,32,1
1021.73,60,6
190.45000000000002,18,0
1024.88,63,6
2192.19,101,7
403.53,26,0
129.2,8,0
4607.46,125,4
450.45,7,0
2486.16,134,7
1527.36,29,2
310.63,11,0
1130.19,58,6
90.0,3,0
2029.57,121,2
248.24,3,0
2047.12,126,2
694.4300000000001,14,6
552.51,35,6
506.38,37,6
908.58,41,6
432.26,57,0
2729.89,152,7
317.95,16,0
3437.52,107,4
720.75,37,6
268.76,19,0
696.78,49,6
713.38,33,6
245.67,18,0
83.8,5,0
2851.2,9,7
3320.07,160,4
483.4,5,0
157.2,3,0
358.81,23,0
621.32,23,6
545.01,43,6
1055.42,44,6
118.75,6,0
331.73,38,0
393.76,31,0
932.96,89,6
245.85999999999999,21,0
1978.95,39,2
1181.57,22,2
113.32000000000001,21,0
439.89,42,0
262.3,43,0
361.82,21,0
109.39,20,0
2533.8,119,7
456.1,26,0
488.18,35,0
1297.1100000000001,266,2
594.89,134,6
3963.3,194,4
378.89,20,0
197.65,3,0
1550.8600000000001,48,2
3789.79,212,4
3978.27,216,4
738.19,37,6
9375.22,474,8
767.2,6,6
305.52,5,0
612.45,34,6
10.2,1,0
494.74,29,0
125.34,35,0
395.2,20,0
249.68,16,0
141.24,9,0
1539.93,65,2
1622.41,89,2
1953.21,95,2
588.0799999999999,5,6
836.8,57,6
1367.52,84,2
1654.54,47,2
1813.63,89,2
155.56,10,0
89.94,7,0
599.55,19,6
2725.6,153,7
571.87,35,6
819.57,49,6
785.77,95,6
1811.0,53,2
2713.26,139,7
1363.59,33,2
697.8100000000001,40,6
1544.22,87,2
904.36,24,6
646.16,129,6
2483.33,61,7
417.35999999999996,11,0
128.45,7,0
139.35,7,0
1998.89,94,2
640.74,32,6
172.3,7,0
265.55,15,0
1811.56,103,2
1282.82,80,2
1273.66,66,2
96.62,16,0
78.78,6,0
1481.7,86,2
2216.82,61,7
722.01,39,6
2707.7200000000003,92,7
10990.92,94,9
120.0,5,0
919.37,43,6
1903.85,110,2
250.57,12,0
453.68,27,0
1144.78,41,6
410.8,24,0
94.62,9,0
338.15,26,0
523.87,27,6
872.74,49,6
3243.6,173,7
54.989999999999995,4,0
3016.48,126,7
438.15,23,0
1496.21,23,2
3541.61,210,4
131.03,7,0
357.3,13,0
643.84,32,6
1865.8100000000002,82,2
3050.02,183,7
3818.59,78,4
817.48,46,6
100.80000000000001,3,0
1057.24,48,6
3366.88,111,4
26.7,2,0
540.54,10,6
339.05,15,0
1441.88,83,2
1935.52,29,2
2491.9,148,7
2061.13,99,2
241.91,15,0
1337.33,72,2
92.16,4,0
1836.53,79,2
349.24,17,0
436.51,28,0
1138.91,98,6
511.46000000000004,30,6
143.65,6,0
264.05,9,0
3875.43,200,4
367.11,23,0
629.97,22,6
415.2,15,0
2050.83,129,2
350.63,50,0
1220.24,69,2
482.02,24,0
216.85999999999999,10,0
124.5,5,0
1783.0,105,2
446.90000000000003,16,0
800.88,63,6
59.279999999999994,3,0
912.82,53,6
291.12,13,0
95.71000000000001,24,0
195.03,14,0
51.0,1,0
809.3100000000001,36,6
67.19999999999999,4,0
144.66,8,0
141.7,9,0
545.75,24,6
154.66,32,0
697.58,44,6
1489.11,87,2
100.2,29,0
2927.3,55,7
7206.58,411,8
155.0,8,0
85.5,3,0
76.55,4,0
193.18,58,0
437.05,6,0
260.94,33,0
143.38,45,0
432.04,101,0
970.62,52,6
132.45,9,0
142.4,7,0
1461.49,114,2
2581.84,148,7
726.3000000000001,31,6
3791.48,234,4
67.95,5,0
2750.2400000000002,275,7
369.11,57,0
2208.24,70,7
529.55,22,6
3038.42,138,7
1153.61,16,6
1053.55,77,6
114.25,6,0
1699.95,62,2
2327.9500000000003,90,7
1600.95,48,2
847.85,155,6
919.8000000000001,12,6
655.85,37,6
108.4,20,0
1121.48,74,6
4776.4,481,4
210.5,9,0
1510.15,101,2
867.11,165,6
263.56,21,0
712.41,23,6
3134.45,165,7
265.2,3,0
322.08,1,0
3540.85,174,4
271.54,13,0
1056.88,115,6
314.46000000000004,11,0
1803.58,304,2
1089.6,10,6
68.76,7,0
63.0,5,0
104.9,7,0
2447.34,29,7
1639.93,39,2
1608.25,48,2
1418.27,55,2
1115.8,73,6
853.98,235,6
823.99,52,6
355.85,18,0
745.81,215,6
390.15,31,0
517.82,87,6
212.16,47,0
98.32,18,0
33.6,1,0
1655.72,33,2
288.48,11,0
1683.27,149,2
1594.24,183,2
235.2,3,0
747.9,103,6
1717.3,56,2
491.09000000000003,72,0
372.55,34,0
1600.2,230,2
214.54000000000002,6,0
480.04,24,0
698.65,37,6
185.4,16,0
1130.6,9,6
255.35000000000002,15,0
242.27,11,0
531.91,24,6
1806.93,117,2
104.4,5,0
285.02,12,0
125.12,37,0
919.98,112,6
962.0799999999999,40,6
363.58,24,0
267.95,13,0
1858.3,92,2
104.75999999999999,5,0
123.8,6,0
485.49,15,0
331.91,20,0
1652.46,159,2
669.8,153,6
291.45,6,0
194.17000000000002,8,0
2009.31,501,2
2790.58,130,7
519.54,80,6
1572.14,245,2
1025.63,68,6
199.1,46,0
1048.6299999999999,54,6
208.48,20,0
205.04000000000002,8,0
805.01,55,6
1681.67,82,2
236.45,12,0
168.12,15,0
105.60000000000001,3,0
893.42,16,6
215.59000000000003,10,0
1609.78,170,2
3361.7,242,4
354.32,17,0
504.59,180,6
2328.06,174,7
687.3000000000001,46,6
1608.92,51,2
3560.67,416,4
2184.55,263,7
153.4,17,0
290.76,8,0
348.5,17,0
421.81,25,0
747.98,56,6
1253.3500000000001,88,2
103.25,5,0
3154.05,56,7
1706.71,93,2
2071.03,324,2
3230.36,288,7
652.8,4,6
209.71,39,0
610.28,41,6
143.59,8,0
143.72,48,0
744.88,91,6
2049.25,182,2
303.34,19,0
515.74,12,6
1757.34,60,2
784.27,51,6
4074.16,339,4
2291.81,96,7
1074.0,3,6
1039.56,22,6
224.89,11,0
184.23000000000002,22,0
2188.12,209,7
1350.0,189,2
732.46,102,6
145.18,19,0
75.24,9,0
48.96,4,0
886.29,275,6
833.19,80,6
90.27,22,0
209.16,17,0
1233.83,304,2
23.85,2,0
1135.73,159,6
451.67,129,0
550.33,128,6
339.93,46,0
1402.39,82,2
702.42,41,6
175.04999999999998,40,0
296.33,19,0
213.96,7,0
660.0,2,6
14034.039999999999,69,3
1305.4,15,2
306.36,2,0
396.0,2,0
439.2,13,0
325.36,17,0
373.65000000000003,22,0
1305.97,65,2
288.83,18,0
794.72,116,6
225.85,13,0
700.88,40,6
2306.73,95,7
493.31,18,0
724.29,119,6
886.7,36,6
95.84,7,0
309.5,18,0
539.35,25,6
327.85,13,0
2447.83,142,7
1389.63,70,2
55.86,5,0
96.12,2,0
512.55,25,6
699.38,22,6
415.47,23,0
213.62,23,0
1189.84,167,2
536.96,78,6
92.89,21,0
1554.26,192,2
1709.68,41,2
223.52,63,0
709.77,103,6
212.36,23,0
1959.28,198,2
223.93,21,0
77.95,3,0
583.41,129,6
532.9,80,6
1655.14,79,2
181.89999999999998,12,0
7589.97,462,8
1042.9,142,6
342.37,110,0
662.27,49,6
1113.47,56,6
422.44,74,0
2260.0,36,7
22314.99,207,5
498.95,7,0
52.0,2,0
951.57,329,6
507.86,12,6
4572.0,267,4
77.8,11,0
285.87,38,0
1736.43,59,2
491.55,55,0
172.9,8,0
1630.02,102,2
173.16,20,0
1019.33,169,6
69.05000000000001,6,0
1887.75,98,2
1697.17,262,2
2597.59,281,7
262.01,18,0
1184.36,330,2
179.0,1,0
1048.85,23,6
4094.8900000000003,162,4
529.49,116,6
2337.4,286,7
512.37,16,6
2228.75,272,7
125.39,6,0
638.28,59,6
273.1,44,0
1330.47,193,2
495.68,26,0
172.93,25,0
958.79,227,6
587.23,45,6
205.04999999999998,6,0
252.14999999999998,55,0
1608.98,395,2
273.43,35,0
2017.49,110,2
7200.48,159,8
4582.07,151,4
816.3000000000001,11,6
1214.43,49,2
3200.4,49,7
1123.01,68,6
1372.74,57,2
706.33,20,6
865.28,50,6
263.95,14,0
1164.27,73,2
337.79999999999995,4,0
531.15,28,6
561.45,36,6
3867.85,181,4
573.24,31,6
349.74,16,0
1136.12,55,6
1329.93,83,2
89.2,5,0
133.20000000000002,7,0
241.12,17,0
248.3,5,0
186.86,30,0
1959.16,107,2
53.1,1,0
748.62,44,6
111.50999999999999,7,0
796.26,47,6
1996.2,93,2
661.5,33,6
334.7,37,0
395.33,25,0
93.30000000000001,4,0
173.47,9,0
77.4,3,0
606.97,26,6
151.8,4,0
526.86,35,6
6.2,2,0
111.35,7,0
1123.07,66,6
83.75,4,0
158.74,11,0
92.78,9,0
3575.77,317,4
160.44,50,0
800.8,34,6
353.27,12,0
383.9,35,0
169.14,9,0
2399.06,192,7
1738.35,208,2
125.58,24,0
637.34,43,6
146.85,3,0
844.94,52,6
508.17,34,6
237.15,11,0
365.01,22,0
48.800000000000004,2,0
243.63,52,0
1055.51,26,6
1867.27,99,2
1435.02,12,2
572.51,35,6
187.81,36,0
1405.17,56,2
102.44999999999999,6,0
1270.39,84,2
32.85,2,0
2657.08,112,7
2236.75,110,7
2659.86,110,7
194.0,9,0
6168.85,299,1
204.55,14,0
385.29,21,0
2291.38,117,7
455.9,8,0
2409.79,109,7
488.59999999999997,16,0
1102.1499999999999,54,6
895.0699999999999,47,6
984.23,44,6
165.64,10,0
125.79,6,0
583.86,35,6
201.95999999999998,7,0
34.2,3,0
10472.11,75,9
487.28,27,0
2238.56,111,7
607.6,61,6
225.25,9,0
446.53000000000003,83,0
353.73,19,0
912.71,32,6
1195.72,96,2
588.59,40,6
152.44,11,0
362.5,8,0
594.47,42,6
547.4,11,6
295.3,14,0
1432.0,4,2
332.0,18,0
123.30000000000001,9,0
107.95,6,0
464.96,27,0
973.85,57,6
619.11,20,6
8283.83,384,8
365.37,31,0
1142.72,43,6
1062.52,92,6
1172.59,81,2
234.56,14,0
2187.39,291,7
869.66,58,6
438.75,12,0
2802.6,131,7
257.4,7,0
372.4,26,0
675.6899999999999,21,6
948.54,70,6
239.98,9,0
1036.75,61,6
1310.64,37,2
850.42,50,6
1115.71,66,6
594.16,37,6
310.05,10,0
181.38,8,0
2054.71,107,2
933.73,31,6
235.18,11,0
1329.03,64,2
1784.71,10,2
6573.17,295,1
1461.08,30,2
4845.45,142,1
100.9,3,0
252.57,12,0
786.9300000000001,46,6
282.2,15,0
300.33,18,0
6745.8099999999995,111,1
226.47,43,0
294.74,72,0
56.39,11,0
418.08,38,0
529.74,51,6
166.68,17,0
5679.43,248,1
56.5,4,0
1113.56,157,6
76.65,9,0
528.05,69,6
161.12,30,0
448.8,5,0
121.15,30,0
1289.86,28,2
871.06,123,6
90.65,12,0
1216.95,27,2
82.39,15,0
218.74,9,0
654.4,57,6
1644.3500000000001,181,2
75.12,6,0
147.32,28,0
232.81,73,0
244.79999999999998,3,0
290.84,34,0
189.73000000000002,49,0
424.28,21,0
335.44,51,0
429.8,66,0
1181.45,87,2
1078.39,130,6
378.37,107,0
97.21000000000001,9,0
973.46,138,6
282.94,18,0
349.9,101,0
225.22,27,0
146.81,17,0
98.25,15,0
343.76,23,0
238.12,57,0
1555.27,374,2
751.83,108,6
5395.9800000000005,454,1
1247.84,119,2
307.1,53,0
374.62,47,0
725.95,28,6
471.44,38,0
416.52,6,0
510.99,81,6
4059.8,40,4
2187.71,421,7
3436.86,310,4
197.28,21,0
366.04,105,0
573.75,107,6
163.18,59,0
52.67,3,0
537.0,3,6
6145.42,353,1
560.46,11,6
4235.47,167,4
276.4,18,0
247.74,79,0
119.47,2,0
1384.51,61,2
1088.67,110,6
157.98,22,0
676.95,64,6
217.49,84,0
1096.7,18,6
1687.18,229,2
1002.7,188,6
244.61,95,0
813.0600000000001,46,6
115.6,4,0
2187.71,116,7
778.0,34,6
1471.9,69,2
401.63,82,0
824.03,53,6
106.2,1,0
743.47,19,6
866.43,45,6
586.38,32,6
605.37,20,6
696.13,37,6
7818.66,354,8
705.91,39,6
460.2,30,0
75.15,4,0
232.94,11,0
883.59,45,6
1839.49,114,2
322.52,20,0
399.83,25,0
390.91,22,0
3400.95,83,4
1087.74,37,6
148.1,8,0
202.96,19,0
391.58,21,0
525.5999999999999,2,6
195.28,6,0
602.86,28,6
921.04,63,6
1807.33,79,2
1074.2,75,6
301.8,15,0
1031.65,48,6
338.0,20,0
870.1,31,6
1408.3600000000001,75,2
2747.34,78,7
2137.15,153,7
230.28,15,0
1057.71,32,6
1084.69,62,6
244.8,1,0
219.9,12,0
283.16999999999996,17,0
379.08,23,0
1343.7,66,2
1774.87,82,2
127.22,10,0
8574.64,101,8
355.11,13,0
1190.94,84,2
2968.06,69,7
279.71000000000004,20,0
820.07,43,6
659.5,23,6
1073.31,57,6
91.2,6,0
947.5,51,6
127.78,9,0
1762.59,64,2
404.98,22,0
200.5,11,0
5612.6,181,1
957.93,57,6
1082.8,73,6
514.4,21,6
276.63,18,0
504.9,22,0
4198.03,266,4
3665.25,210,4
278.55,19,0
222.03,64,0
669.37,37,6
1635.69,109,2
401.4,7,0
14989.08,566,3
158.16,4,0
279.9,24,0
651.58,77,6
368.95,20,0
140.8,35,0
99.6,4,0
1289.5,5,2
1320.73,90,2
114.21,9,0
156.62,16,0
40.5,3,0
1906.61,76,2
58.650000000000006,4,0
470.76,11,0
454.97,21,0
352.48,50,0
264.54,17,0
379.81,18,0
3936.44,74,4
13322.07,167,3
843.54,43,6
365.32,15,0
6027.02,256,1
3861.0,1,4
1031.6,28,6
178.64000000000001,9,0
1183.6999999999998,12,2
1092.58,59,6
1439.22,113,2
240.67999999999998,7,0
543.89,30,6
359.09999999999997,8,0
596.25,32,6
278.18,17,0
814.37,47,6
90.19999999999999,4,0
259.2,19,0
1399.9,90,2
607.94,29,6
96.6,2,0
4538.97,133,4
280.25,7,0
1497.34,98,2
403.25,5,0
527.0,4,6
311.8,13,0
166.15,10,0
313.1,19,0
154.41,8,0
1026.76,47,6
2578.23,99,7
393.3,21,0
528.8,27,6
126.08,9,0
1834.88,117,2
307.85,14,0
1188.74,81,2
616.99,38,6
616.53,39,6
1512.82,69,2
1360.27,83,2
241.83,17,0
561.03,29,6
2123.24,75,7
463.90000000000003,30,0
274.4,5,0
5231.71,277,1
8703.44,92,8
538.46,32,6
770.14,44,6
199.67000000000002,12,0
747.66,38,6
66.45,4,0
287.05,5,0
490.16,28,0
1501.67,64,2
237.42,18,0
161.25,9,0
122.50999999999999,10,0
302.99,18,0
1074.62,62,6
103.4,5,0
1647.76,10,2
408.8,2,0
2244.29,37,7
1928.76,212,2
531.34,49,6
551.24,35,6
439.73,28,0
110.88,44,0
196.5,10,0
228.54999999999998,15,0
99.92,15,0
1986.54,116,2
240.55,3,0
252.06,13,0
1834.22,67,2
734.91,44,6
6310.05,164,1
3019.38,73,7
152.09,21,0
2689.21,149,7
507.68,30,6
4068.66,151,4
2333.96,4,7
430.24,24,0
4199.97,193,4
417.57,24,0
568.4,18,6
980.99,47,6
120.1,7,0
202.32,13,0
653.01,34,6
52.0,1,0
244.93,18,0
387.86,25,0
165.0,1,0
291.62,30,0
133.20000000000002,11,0
213.78,29,0
2301.7400000000002,77,7
509.06,31,6
144.9,38,0
261.19,23,0
191.35,9,0
792.55,44,6
680.4,12,6
1311.26,28,2
1028.56,16,6
320.47,88,0
98.85000000000001,22,0
460.42,70,0
1649.72,13,2
346.33,20,0
327.6,19,0
465.55,21,0
266.38,14,0
252.42000000000002,17,0
176.4,4,0
120.24000000000001,7,0
394.39,58,0
115.65,5,0
1432.34,177,2
616.37,51,6
256.90000000000003,12,0
2283.71,420,7
6760.93,443,1
366.63,11,0
349.32,5,0
255.05,13,0
814.19,26,6
1841.04,89,2
501.91,36,0
1383.45,67,2
371.34000000000003,3,0
1949.03,74,2
1589.92,22,2
1912.36,106,2
51.0,1,0
949.22,87,6
3074.06,164,7
1026.06,28,6
537.45,6,6
4666.03,239,4
491.05,32,0
304.40000000000003,11,0
279.51,23,0
86.62,7,0
1261.78,69,2
211.26000000000002,10,0
1777.08,69,2
92.6,6,0
247.07999999999998,11,0
63.35,4,0
1106.14,59,6
632.05,39,6
655.0,11,6
538.22,34,6
349.1,8,0
465.34000000000003,46,0
891.8100000000001,126,6
201.58,29,0
2693.4300000000003,94,7
1054.39,79,6
178.73,9,0
588.24,30,6
467.81,40,0
3207.67,150,7
313.1,17,0
87.74,5,0
769.6600000000001,42,6
57.2,3,0
43.5,2,0
371.64,16,0
1225.01,229,2
1162.95,232,2
69.12,4,0
313.66,67,0
171.19,10,0
406.59,32,0
843.38,42,6
119.04,23,0
900.87,270,6
153.01,37,0
110.2,19,0
332.4,51,0
297.0,1,0
2628.13,311,7
1085.35,166,6
113.5,5,0
99.47,6,0
449.34,25,0
776.42,49,6
346.06,24,0
452.33,47,0
1197.73,241,2
154.55,21,0
345.21,46,0
173.06,44,0
131.64,6,0
183.46,48,0
199.8,9,0
110.34,6,0
854.39,129,6
5687.29,79,1
272.97,46,0
426.27,41,0
405.99,20,0
392.0,19,0
398.1,59,0
307.35,61,0
1387.2,8,2
334.69,22,0
1191.65,36,2
803.5600000000001,40,6
9128.16,83,8
203.36,75,0
3088.98,154,7
1938.83,64,2
91.32000000000001,2,0
937.83,41,6
2495.94,126,7
524.28,28,6
1515.22,224,2
1009.67,98,6
986.2,12,6
10587.1,401,9
983.73,58,6
8752.4,160,8
123.92,56,0
42.99,11,0
3029.6,79,7
766.7,131,6
336.96,34,0
794.26,73,6
740.31,125,6
121.0,7,0
11926.34,249,9
3292.05,141,7
60.330000000000005,14,0
210.35999999999999,20,0
1718.58,183,2
208.26,12,0
2593.44,145,7
291.58,48,0
379.55,6,0
440.0,1,0
647.78,139,6
148.44,4,0
2002.28,141,2
183.47,21,0
3204.96,541,7
1325.22,92,2
1655.18,179,2
1240.41,204,2
698.4,68,6
442.33,62,0
72.07000000000001,16,0
454.86,33,0
136.35,10,0
71.2,23,0
105.01,23,0
2726.21,203,7
229.5,65,0
4055.84,580,4
1125.73,82,6
365.49,43,0
341.32,21,0
51.92,12,0
357.92,46,0
161.7,10,0
261.21999999999997,27,0
394.1,17,0
480.74,19,0
1108.95,85,6
173.16,8,0
43.87,4,0
577.02,41,6
1288.6499999999999,24,2
3345.78,262,4
493.23,46,0
2173.0299999999997,178,7
454.45,78,0
590.73,136,6
843.62,40,6
231.08,33,0
123.9,10,0
299.51,41,0
3583.0699999999997,123,4
488.62000000000006,31,0
564.39,97,6
364.19,23,0
669.6,7,6
317.88,19,0
341.33,21,0
128.4,4,0
1446.17,85,2
1193.29,63,2
247.17000000000002,17,0
215.72,13,0
601.95,41,6
5254.2300000000005,324,1
1173.49,41,2
209.75,16,0
934.4000000000001,51,6
2326.49,60,7
75.44,9,0
767.42,45,6
178.03,10,0
95.12,5,0
1488.4,38,2
178.15,5,0
8730.35,346,8
616.391,37,6
244.60000000000002,2,0
1214.27,76,2
1212.87,13,2
2952.39,147,7
233.2,14,0
487.33000000000004,28,0
1327.11,51,2
512.12,34,6
2159.29,116,7
951.63,47,6
2685.0099999999998,134,7
190.75,11,0
692.36,23,6
223.36,15,0
340.99,20,0
9725.79,385,9
1592.54,100,2
472.5,26,0
626.23,185,6
515.49,43,6
371.06,28,0
451.05,19,0
816.0,2,6
602.62,28,6
269.04,17,0
877.4399999999999,6,6
705.57,16,6
469.17,29,0
582.45,37,6
30.0,1,0
877.65,40,6
223.95,9,0
1224.34,68,2
187.2,3,0
93.8,6,0
330.18,15,0
1813.8700000000001,93,2
229.92000000000002,11,0
76.32000000000001,1,0
594.26,26,6
158.05,11,0
1810.77,63,2
2450.11,129,7
1525.31,86,2
234.21,14,0
2882.08,165,7
578.63,29,6
309.40000000000003,10,0
657.83,93,6
1100.09,66,6
1212.76,43,2
162.75,8,0
2404.16,133,7
157.8,7,0
178.32,16,0
45.0,1,0
184.07999999999998,11,0
5659.23,65,1
318.18,17,0
2000.24,127,2
229.03,13,0
560.1,67,6
1239.96,196,2
211.5,5,0
1834.95,87,2
127.2,5,0
738.66,37,6
784.49,171,6
2777.62,233,7
107.81,5,0
947.8100000000001,46,6
315.0,16,0
239.18,27,0
785.85,90,6
105.30000000000001,5,0
489.27000000000004,106,0
384.2,71,0
1424.52,51,2
119.1,28,0
126.15,5,0
325.75,25,0
4088.84,244,4
70.0,4,0
936.49,57,6
221.12,12,0
127.5,8,0
1042.45,20,6
1044.41,62,6
3694.02,131,4
235.04,5,0
128.18,7,0
699.96,76,6
20.879999999999995,2,0
913.69,53,6
158.06,22,0
743.71,73,6
125.31,17,0
2001.34,240,2
2112.15,326,7
79.2,1,0
397.07,24,0
1953.59,114,2
470.39,163,0
522.29,31,6
188.25,8,0
197.84,5,0
440.79,28,0
826.47,49,6
2701.66,143,7
315.06,11,0
536.08,22,6
576.9,7,6
209.20000000000002,20,0
79.7,5,0
214.42,16,0
704.51,16,6
397.68,24,0
335.26,19,0
2382.6,39,7
118.80000000000001,7,0
1783.44,63,2
3864.9,212,4
763.44,165,6
327.59999999999997,23,0
177.46,29,0
1292.1299999999999,60,2
694.73,9,6
561.65,37,6
2038.18,104,2
2192.4,7,7
610.16,73,6
602.3,95,6
854.0699999999999,52,6
451.42,1,0
398.82000000000005,7,0
3420.9,211,4
4354.9400000000005,240,4
725.03,26,6
774.64,41,6
3007.33,164,7
437.47,30,0
1031.89,68,6
1818.09,108,2
1740.8400000000001,35,2
1195.31,36,2
1633.54,63,2
2010.6,44,2
1516.18,98,2
163.75,11,0
411.83,47,0
615.75,24,6
15.0,1,0
463.88,15,0
1408.14,56,2
1416.1,91,2
526.9399999999999,43,6
460.64,32,0
671.75,57,6
679.89,44,6
1751.47,219,2
717.83,36,6
127.47,9,0
237.03,15,0
852.99,50,6
311.2,22,0
1181.92,44,2
106.20000000000002,7,0
120.53999999999999,10,0
2993.04,110,7
335.92,18,0
186.82999999999998,74,0
138.59,17,0
90.87,24,0
2476.77,102,7
537.29,59,6
12244.98,498,9
253.49999999999997,11,0
1012.9300000000001,151,6
782.55,113,6
2336.19,430,7
703.0600000000001,115,6
51.39,14,0
1554.72,17,2
731.99,33,6
206.9,37,0
3324.89,392,4
127.28999999999999,12,0
322.53000000000003,68,0
321.24,111,0
3405.6,98,4
356.52,90,0
267.15000000000003,85,0
446.14,24,0
459.88,15,0
361.38,41,0
221.15,12,0
83.45,8,0
137.66,9,0
339.86,69,0
383.58,48,0
243.6,37,0
173.32,9,0
198.89000000000001,18,0
1190.24,70,2
43.5,3,0
294.62,41,0
318.01,97,0
4361.16,60,4
119.05,22,0
1282.04,131,2
808.57,210,6
130.73999999999998,6,0
963.94,203,6
217.82,17,0
1309.42,129,2
97.3,10,0
240.43,32,0
510.45,115,6
138.3,51,0
315.24,22,0
294.5,9,0
110.28,19,0
155.75,8,0
367.08000000000004,18,0
2082.39,93,2
928.14,61,6
416.85999999999996,12,0
127.64999999999999,6,0
297.56,13,0
4905.09,64,1
252.84,12,0
132.2,4,0
181.0,2,0
1152.88,21,6
804.59,50,6
308.74,15,0
1337.81,79,2
577.58,33,6
661.33,72,6
1275.97,80,2
3583.23,144,4
385.40000000000003,38,0
98.7,5,0
354.21,20,0
652.72,96,6
358.97,70,0
506.9,15,6
264.3,10,0
3753.85,31,4
34.4,2,0
2862.59,140,7
211.20999999999998,14,0
364.74,83,0
882.0,50,6
807.6,39,6
1816.71,34,2
2522.08,76,7
1242.11,93,2
2319.12,210,7
787.78,29,6
151.68,12,0
755.22,114,6
119.33,21,0
667.56,43,6
41.989999999999995,3,0
2196.3,439,7
244.62,24,0
821.1,101,6
2432.0,409,7
9200.8,7,8
2214.82,84,7
488.04,174,0
35.14,5,0
1403.61,320,2
334.31,25,0
709.65,69,6
355.1,70,0
2619.64,164,7
1030.66,74,6
564.1800000000001,122,6
595.68,152,6
1237.15,190,2
183.49,26,0
233.08,21,0
2814.94,123,7
721.3199999999999,38,6
517.23,65,6
617.19,88,6
215.63,54,0
377.62,24,0
182.64,25,0
822.82,13,6
285.04,24,0
462.42,81,0
283.0,14,0
582.3199999999999,40,6
691.4200000000001,31,6
364.18,20,0
1020.99,51,6
2122.4,5,7
935.34,55,6
660.94,32,6
1070.85,66,6
105.24000000000001,5,0
936.1800000000001,262,6
91.46000000000001,7,0
309.59,30,0
1210.62,69,2
576.04,55,6
134.8,8,0
542.95,56,6
1909.3700000000001,101,2
1139.56,136,6
969.87,52,6
267.11,18,0
286.9,55,0
1354.08,81,2
710.6899999999999,29,6
239.74,15,0
482.32,22,0
122.39999999999999,1,0
1771.39,97,2
79.2,1,0
1195.04,18,2
188.86,8,0
2440.09,197,7
1129.46,26,6
361.18,33,0
729.34,122,6
898.8100000000001,31,6
284.66,16,0
687.08,42,6
17.0,1,0
911.3,53,6
185.54,10,0
140.04999999999998,8,0
1755.51,53,2
543.0,26,6
1054.81,61,6
1569.8400000000001,47,2
1187.86,38,2
230.68,21,0
306.96,11,0
88.88,5,0
1779.26,21,2
622.1800000000001,35,6
371.4,12,0
1081.73,280,6
152.44,12,0
131.93,26,0
135.75000000000003,8,0
1315.02,228,2
542.53,29,6
192.71,24,0
310.56,12,0
1107.6100000000001,24,6
755.54,181,6
530.88,28,6
254.98000000000002,14,0
199.5,9,0
228.45000000000002,10,0
4744.4800000000005,90,4
521.45,31,6
1417.58,69,2
2641.1,62,7
12707.89,279,9
492.39,27,0
372.5,13,0
614.4,31,6
419.91,22,0
590.06,30,6
469.38,22,0
444.58,31,0
1830.8400000000001,94,2
3041.69,178,7
516.51,22,6
330.54,19,0
76.32000000000001,1,0
215.36,14,0
1517.3799999999999,86,2
1562.14,25,2
1488.75,75,2
2693.4700000000003,109,7
597.29,17,6
267.8,11,0
911.74,18,6
4366.7,367,4
37.4,2,0
823.9000000000001,4,6
587.04,27,6
3100.56,82,7
1481.3500000000001,68,2
1578.05,103,2
73.2,3,0
1001.13,58,6
1098.31,65,6
756.7,19,6
864.92,46,6
257.4,12,0
152.9,6,0
159.28,9,0
8542.48,135,8
285.74,10,0
4304.65,20,4
323.77000000000004,14,0
907.1800000000001,36,6
346.1,20,0
2951.4700000000003,163,7
5389.29,234,1
766.27,51,6
168.2,8,0
94.99000000000001,4,0
4000.31,97,4
241.39,14,0
380.88100000000003,14,0
847.52,137,6
1369.05,85,2
311.82,14,0
456.7,27,0
335.5,45,0
643.38,80,6
427.66,53,0
357.94,15,0
541.47,52,6
2175.17,42,7
15468.48,91,3
479.62,19,0
492.09000000000003,30,0
149.1,5,0
759.02,33,6
198.35,11,0
806.4300000000001,32,6
286.85,14,0
2616.42,70,7
720.27,82,6
637.8100000000001,105,6
996.93,77,6
839.8000000000001,108,6
139.32,5,0
127.5,4,0
872.74,39,6
407.43,27,0
672.19,25,6
409.06,16,0
656.54,34,6
234.74,13,0
367.7,16,0
3236.2,112,7
2157.56,540,7
2765.79,232,7
357.45,42,0
1355.72,81,2
985.05,63,6
114.56,16,0
142.98000000000002,6,0
1282.53,50,2
292.99,18,0
2967.08,100,7
1946.95,208,2
479.31000000000006,10,0
46.95,2,0
4324.25,112,4
804.75,13,6
548.33,96,6
4156.48,202,4
762.12,50,6
534.36,37,6
966.86,45,6
1073.68,105,6
304.75,19,0
317.01,57,0
471.37,27,0
709.8000000000001,5,6
461.08,17,0
1257.65,88,2
1464.6200000000001,12,2
168.3,11,0
1288.98,133,2
654.22,88,6
126.15,7,0
221.31,13,0
1766.5,92,2
1062.3700000000001,63,6
231.31,15,0
491.6,21,0
216.42,10,0
4338.69,131,4
285.71999999999997,18,0
443.15,28,0
2240.0,3,7
488.19,30,0
368.42,22,0
239.95000000000002,14,0
189.57,12,0
2218.71,118,7
1078.03,55,6
208.3,12,0
404.40000000000003,3,0
847.36,46,6
285.15,10,0
245.45,27,0
207.50000000000003,1,0
339.95,97,0
424.54,12,0
2454.9900000000002,244,7
2881.45,246,7
238.72,34,0
1200.03,120,2
22195.760000000002,39,5
116.05,8,0
184.25,9,0
101.8,18,0
445.21,125,0
1386.41,55,2
289.40999999999997,13,0
318.03999999999996,38,0
65.4,1,0
521.11,32,6
799.88,75,6
1243.43,190,2
39.37,6,0
828.62,44,6
117.9,6,0
405.52,21,0
4140.37,66,4
242.24,28,0
191.82000000000002,27,0
552.14,29,6
1669.38,90,2
1159.89,49,6
2847.87,534,7
703.32,87,6
573.34,61,6
99.4,4,0
583.9,46,6
1375.96,40,2
307.5,17,0
672.75,107,6
420.42,62,0
1296.82,95,2
1050.99,179,6
312.18,82,0
368.16,88,0
851.66,100,6
286.2,4,0
314.05,19,0
1639.9,86,2
1497.72,25,2
554.06,84,6
463.0,27,0
483.17,48,0
201.0,68,0
94.36,4,0
896.9499999999999,24,6
183.47,38,0
2495.43,267,7
1169.46,62,2
1289.24,176,2
1339.0,64,2
291.99,55,0
236.5,23,0
3259.98,154,7
260.75,52,0
122.0,7,0
371.45,19,0
98.00000000000001,3,0
124.19,48,0
1540.69,133,2
1684.3600000000001,193,2
155.27,32,0
135.35,30,0
153.4,20,0
111.25,6,0
160.7,45,0
876.78,56,6
462.82,77,0
785.0,40,6
294.46,15,0
133.56,5,0
250.2,17,0
1512.16,301,2
188.56,7,0
279.6,1,0
300.85,6,0
518.67,69,6
250.98000000000002,6,0
176.01,16,0
1217.57,88,2
673.09,111,6
2867.59,226,7
282.85,18,0
467.8,134,0
513.13,69,6
172.33,50,0
246.70000000000002,32,0
143.34,16,0
568.99,31,6
241.36,9,0
247.97,12,0
6.9,2,0
1581.4,83,2
1734.3700000000001,89,2
191.36,8,0
2777.23,163,7
689.78,116,6
120.02,26,0
136.0,3,0
1125.63,63,6
968.9,177,6
1270.43,114,2
512.85,145,6
638.05,140,6
178.35000000000002,11,0
293.61,17,0
1433.46,287,2
402.1,23,0
2059.59,119,2
315.88,16,0
258.93,33,0
569.83,42,6
171.57,14,0
78.94999999999999,12,0
357.95,22,0
286.77,35,0
426.69,23,0
504.41,26,0
1163.11,47,2
664.06,40,6
546.81,81,6
1229.83,72,2
2583.12,116,7
77.69,11,0
296.85,15,0
368.16,9,0
1132.48,67,6
412.1,68,0
777.6,4,6
90.30000000000001,3,0
311.3,11,0
165.2,9,0
763.95,132,6
795.7900000000001,30,6
1278.3700000000001,88,2
101.7,6,0
125.55,11,0
366.17,29,0
198.07999999999998,12,0
821.72,117,6
7501.0,234,8
11060.16,154,9
260.15999999999997,13,0
194.31,12,0
200.62,14,0
357.3,23,0
921.02,59,6
4516.8,3,4
928.89,144,6
485.41,25,0
460.22,45,0
1164.61,37,2
99.82000000000001,4,0
314.1,2,0
568.15,18,6
1859.99,201,2
815.6,28,6
318.83000000000004,14,0
4069.58,61,4
661.8,39,6
236.04,14,0
2873.52,176,7
172.75,7,0
6640.58,366,1
723.67,48,6
428.53000000000003,26,0
943.04,16,6
173.7,3,0
508.04,15,6
684.15,27,6
113.7,4,0
2802.66,99,7
1065.24,64,6
859.0,50,6
567.21,37,6
319.38,19,0
77.94,7,0
195.42000000000002,4,0
170.75,10,0
552.18,19,6
310.95,6,0
210.3,12,0
348.66,24,0
205.0,9,0
2977.22,160,7
270.63,21,0
150.42000000000002,44,0
308.95,70,0
220.3,10,0
77.54,6,0
90.0,6,0
566.88,44,6
228.4,28,0
427.38,23,0
416.59000000000003,28,0
2714.56,133,7
4374.25,218,4
64.25999999999999,5,0
101.95,8,0
973.76,53,6
534.59,26,6
411.09,20,0
427.03,26,0
136.25,4,0
2074.3,72,2
204.73,12,0
178.96,9,0
749.73,28,6
109.65,4,0
677.77,39,6
229.07999999999998,16,0
3410.79,145,4
278.06,17,0
1655.51,89,2
304.01,44,0
2226.87,118,7
204.9,8,0
888.45,53,6
1468.04,77,2
1017.0600000000001,42,6
183.16,10,0
554.35,25,6
399.76,22,0
676.2,50,6
174.22,13,0
255.85999999999999,17,0
350.41999999999996,17,0
5155.47,95,1
909.86,53,6
475.71,22,0
2930.11,195,7
7219.18,57,8
759.32,163,6
91.44,7,0
39.12,2,0
1091.08,12,6
78.25,7,0
104.25,29,0
415.88,43,0
296.52,19,0
1027.58,125,6
3216.11,198,7
1617.27,5,2
6267.38,94,1
236.45000000000002,71,0
1329.97,74,2
2517.0099999999998,129,7
129.75,3,0
103.4,6,0
1466.68,37,2
930.34,25,6
267.7,50,0
2483.6,472,7
921.62,46,6
349.96,10,0
220.54,11,0
1126.0,2,6
329.65000000000003,45,0
622.5,8,6
93.05,17,0
1692.0,4,2
3997.52,238,4
4406.88,118,4
11018.97,214,9
421.59,97,0
478.85,19,0
2563.73,63,7
2009.6,325,2
1416.6399999999999,17,2
3033.65,370,7
5688.37,502,1
946.37,70,6
261.3,15,0
901.2,2,6
3161.05,164,7
441.03000000000003,32,0
1452.97,158,2
131.76,23,0
207.67000000000002,28,0
3670.71,183,4
470.36,35,0
634.03,126,6
1145.44,149,6
205.35,33,0
803.0699999999999,209,6
6002.01,546,1
575.65,65,6
484.65,21,0
560.21,42,6
1924.71,102,2
417.59999999999997,1,0
3.75,1,0
257.3,10,0
1826.29,156,2
1043.18,194,6
5925.28,294,1
5332.08,365,1
806.36,40,6
1229.2,58,2
522.03,73,6
1546.1,21,2
187.70000000000002,8,0
141.13,26,0
518.4,1,6
1220.02,137,2
171.93,9,0
100.23,6,0
319.59,20,0
701.14,37,6
232.5,8,0
1263.43,75,2
583.6999999999999,21,6
2156.73,558,7
34.0,1,0
973.1,29,6
4564.86,170,4
401.84,41,0
313.84,33,0
640.25,117,6
1784.27,202,2
140.19,21,0
633.32,44,6
1385.3600000000001,128,2
282.94,59,0
193.67000000000002,43,0
202.38,13,0
8765.19,262,8
316.9,48,0
186.15,10,0
1768.7,144,2
107.6,3,0
485.24,124,0
80.8,5,0
1265.34,75,2
1325.61,255,2
95.53,10,0
206.70000000000002,14,0
967.96,222,6
324.68,56,0
140.48,10,0
1031.05,140,6
1270.78,61,2
310.81,22,0
429.76,47,0
369.53000000000003,72,0
692.31,83,6
867.03,51,6
253.78,19,0
776.23,125,6
288.74,14,0
451.57,23,0
385.9,10,0
1397.96,359,2
5061.4400000000005,254,1
342.18,23,0
1363.47,73,2
2708.03,152,7
450.15000000000003,22,0
332.34,33,0
309.06,19,0
765.1,27,6
292.35,18,0
88.0,6,0
148.62,8,0
250.43,17,0
104.4,9,0
980.6,40,6
348.18,20,0
164.95000000000002,9,0
216.65,9,0
2623.65,133,7
500.54,21,0
12676.53,215,9
1409.06,88,2
986.8,47,6
8215.02,306,8
174.36,9,0
136.34,9,0
249.08,12,0
104.67,7,0
213.25,12,0
258.21,16,0
106.86000000000001,6,0
273.4,15,0
35.400000000000006,2,0
207.60000000000002,6,0
611.83,41,6
90.96000000000001,3,0
391.95,21,0
166.99,9,0
675.19,107,6
2354.59,114,7
527.38,6,6
5333.81,212,1
1659.6200000000001,86,2
663.03,121,6
9.5,1,0
1318.08,146,2
432.0,1,0
562.89,31,6
237.38,33,0
310.19,20,0
382.7,83,0
131.42000000000002,23,0
1323.43,113,2
630.2,152,6
418.77,78,0
101.66,35,0
187.87,58,0
235.25,31,0
407.24,130,0
885.0699999999999,91,6
736.94,64,6
1038.14,26,6
318.49,52,0
3085.83,579,7
2664.32,178,7
515.36,74,6
805.1,125,6
205.02,13,0
1242.39,441,2
2062.14,82,2
112.19,7,0
187.0,28,0
522.48,45,6
534.72,129,6
391.52,9,0
871.74,103,6
1996.66,270,2
144.28,49,0
5656.96,525,1
572.97,63,6
140.0,10,0
285.6,3,0
2341.8,174,7
1025.45,59,6
304.34000000000003,42,0
136.77,43,0
354.03000000000003,31,0
720.9200000000001,46,6
223.19,48,0
2309.1200000000003,191,7
2510.22,244,7
1616.55,227,2
692.73,26,6
3775.91,211,4
306.18,15,0
403.82,18,0
1129.7,46,6
1127.73,35,6
1087.37,71,6
137.28,13,0
20.8,1,0
1492.58,40,2
412.07,19,0
154.64,9,0
320.04,12,0
104.6,6,0
368.29,73,0
211.67000000000002,13,0
110.55000000000001,7,0
157.21,22,0
1789.57,23,2
259.92,17,0
322.04,22,0
562.3100000000001,36,6
193.56,31,0
251.51999999999998,2,0
273.19,31,0
1492.3799999999999,70,2
743.0600000000001,73,6
269.22,16,0
1573.58,119,2
3674.4,325,4
4234.22,95,4
1873.2,3,2
1314.73,105,2
111.37,6,0
1003.25,11,6
1277.01,75,2
1331.26,34,2
546.0,10,6
287.5,3,0
415.52,19,0
2982.91,128,7
1230.37,41,2
739.23,32,6
652.58,36,6
787.72,46,6
144.06,9,0
198.29999999999998,12,0
453.03000000000003,57,0
1382.06,162,2
6972.12,205,8
508.5,10,6
935.75,185,6
71.0,7,0
95.85,3,0
357.77,9,0
134.43,2,0
720.38,122,6
118.42,8,0
301.45,18,0
927.7199999999999,22,6
601.28,26,6
394.03000000000003,24,0
1005.98,61,6
87.15,16,0
411.03000000000003,12,0
937.97,61,6
877.56,83,6
1446.35,79,2
465.12,3,0
312.6,19,0
542.6800000000001,19,6
911.44,54,6
715.16,34,6
4532.65,256,4
2631.17,258,7
224.66,38,0
359.75,81,0
399.47999999999996,10,0
1082.89,65,6
877.19,47,6
2480.24,412,7
203.04000000000002,4,0
4144.53,81,4
398.78,51,0
1257.45,67,2
694.6,50,6
3522.78,225,4
2289.89,118,7
259.91,51,0
2103.73,119,7
1182.62,143,2
665.32,62,6
663.56,22,6
293.12,24,0
118.80000000000001,2,0
272.62,7,0
239.96,48,0
1696.44,65,2
1294.66,46,2
2379.72,131,7
1210.71,148,2
1739.35,77,2
1685.81,96,2
1674.59,49,2
3031.6600000000003,153,7
1511.33,106,2
225.40000000000003,10,0
1115.9,62,6
946.88,43,6
756.48,170,6
701.77,48,6
1326.8300000000002,34,2
25.5,1,0
522.89,73,6
7988.0199999999995,322,8
746.91,96,6
93.0,6,0
197.53,20,0
609.87,99,6
672.9200000000001,29,6
79.0,7,0
140.52,9,0
474.71,29,0
254.16,15,0
83.11999999999999,4,0
290.1,7,0
259.41,25,0
200.53,30,0
823.97,211,6
130.49,11,0
2042.8400000000001,106,2
4353.54,24,4
287.35,17,0
923.61,41,6
273.8,17,0
8654.22,391,8
327.38,17,0
543.6,13,6
802.84,36,6
424.98,24,0
1223.91,61,2
105.08,8,0
945.9000000000001,8,6
157.33,11,0
269.4,19,0
245.1,19,0
304.0,12,0
1057.76,56,6
1227.19,80,2
2949.29,194,7
1359.92,82,2
259.1,4,0
1945.89,110,2
141.28,9,0
182.44,10,0
647.68,43,6
153.92,10,0
194.16,10,0
3077.86,65,7
40.4,3,0
1297.38,55,2
223.28,10,0
562.67,62,6
671.78,97,6
209.97,17,0
2710.32,57,7
144.0,2,0
83.75,6,0
2240.14,70,7
314.8,50,0
422.82000000000005,15,0
1772.05,196,2
1160.6200000000001,20,6
255.87,26,0
840.91,23,6
585.74,81,6
315.83,34,0
2938.8,122,7
1232.1000000000001,41,2
217.88,9,0
109.32,4,0
1862.2,172,2
226.85,4,0
2111.92,117,7
959.82,91,6
32.15,7,0
1633.48,231,2
89.51,20,0
2593.76,380,7
250.93,47,0
349.08,27,0
382.44,40,0
238.84,16,0
620.11,36,6
1573.05,166,2
236.21,38,0
3420.26,60,4
2525.63,436,7
275.18,24,0
163.88,20,0
115.74000000000001,10,0
476.11,24,0
794.88,85,6
294.29,17,0
3028.98,464,7
299.20000000000005,12,0
812.58,28,6
7225.16,325,8
673.74,25,6
171.45,9,0
244.49,43,0
219.03,53,0
248.22,41,0
229.33,33,0
294.72,67,0
150.16,15,0
224.02,89,0
249.83,61,0
153.35,11,0
469.31,94,0
838.36,11,6
57.6,20,0
449.71000000000004,99,0
258.61,67,0
179.23,29,0
276.48,2,0
1535.26,87,2
58.9,18,0
827.54,58,6
208.24,13,0
185.73000000000002,8,0
1475.57,77,2
1307.23,236,2
126.78,35,0
809.98,101,6
1150.79,118,6
824.95,90,6
457.12,82,0
550.8000000000001,1,6
1523.62,109,2
412.51,55,0
122.88,49,0
360.15,22,0
554.76,46,6
167.5,52,0
838.63,56,6
223.5,43,0
7416.28,57,8
82.75,12,0
976.13,40,6
593.05,12,6
1806.78,19,2
2031.89,107,2
5113.47,378,1
2600.34,9,7
910.87,57,6
474.55,83,0
773.6899999999999,167,6
819.9,39,6
80.3,5,0
483.46000000000004,28,0
363.9,6,0
415.53000000000003,23,0
260.82,9,0
1585.34,423,2
5086.45,584,1
71.4,3,0
9931.43,328,9
633.71,143,6
138.24,13,0
139.02,28,0
306.19,57,0
2247.85,399,7
228.96,1,0
975.7,178,6
98.0,8,0
1021.18,57,6
535.7,23,6
1305.0,6,2
994.46,11,6
152.01,14,0
280.01,37,0
264.37,42,0
103.92,12,0
447.86,101,0
369.9,24,0
289.18,31,0
3577.77,333,4
3877.12,372,4
154.15,29,0
1530.79,91,2
350.46,26,0
359.13,70,0
1123.21,210,6
537.1800000000001,48,6
300.87,18,0
339.99,58,0
173.35,21,0
3195.4700000000003,336,7
309.37,67,0
17725.66,90,3
65.4,2,0
170.62,43,0
293.27,10,0
238.18,42,0
1611.48,24,2
504.15,56,6
1230.01,12,2
305.28000000000003,2,0
342.53000000000003,43,0
48.349999999999994,3,0
4967.75,19,1
510.58,74,6
544.15,30,6
1792.59,178,2
1864.11,44,2
229.37,26,0
23640.33,150,5
793.59,62,6
1784.53,83,2
32.65,2,0
560.2,10,6
1084.43,55,6
637.88,35,6
982.11,50,6
763.6,5,6
327.89,12,0
5392.63,216,1
363.98,24,0
3421.01,163,4
459.53,24,0
1628.4,96,2
618.11,22,6
640.37,36,6
3991.29,212,4
100.8,2,0
12708.75,256,9
422.16,32,0
169.16000000000003,10,0
358.33,37,0
277.42,39,0
271.16,48,0
2033.96,113,2
185.7,8,0
289.0,12,0
139.62,3,0
1869.29,111,2
534.24,1,6
2404.52,106,7
79.2,6,0
386.03,26,0
1928.83,206,2
1402.38,83,2
375.9,14,0
430.94,49,0
131.7,8,0
193.94,12,0
1456.8899999999999,16,2
221.57,42,0
557.25,93,6
486.8,22,0
594.92,90,6
599.44,24,6
1530.05,171,2
248.20000000000002,8,0
594.09,32,6
137.0,5,0
1474.96,72,2
788.99,51,6
566.67,143,6
159.84,11,0
432.26,25,0
1007.69,65,6
379.0,19,0
286.32,17,0
344.0,26,0
1695.05,59,2
2834.15,88,7
349.17,10,0
467.56,26,0
186.15000000000003,7,0
255.22,16,0
460.64,29,0
798.0,4,6
178.65,12,0
430.14,20,0
453.78000000000003,33,0
2376.02,100,7
962.5,43,6
277.2,13,0
467.53000000000003,72,0
273.15999999999997,17,0
4750.07,286,4
220.18,15,0
2498.8900000000003,87,7
513.2,6,6
172.1,32,0
543.02,73,6
699.31,121,6
138.7,9,0
1540.56,68,2
448.45,26,0
558.61,35,6
794.31,57,6
602.49,27,6
112.0,5,0
197.70000000000002,5,0
1173.3999999999999,18,2
873.67,42,6
2551.18,189,7
2005.83,328,2
211.5,10,0
193.36,8,0
154.2,12,0
51.0,2,0
751.08,64,6
65.66,6,0
485.20000000000005,21,0
89.5,16,0
566.2,124,6
70.3,3,0
82.44000000000001,4,0
225.8,36,0
270.34,37,0
771.01,42,6
1487.6,2,2
1565.53,69,2
392.97,87,0
115.3,4,0
378.56,26,0
686.25,23,6
136.09,37,0
904.8,52,6
339.71,36,0
703.55,122,6
3377.84,131,4
261.21,20,0
1218.63,236,2
178.3,9,0
338.3,22,0
168.25,7,0
3051.26,336,7
126.96,4,0
347.6,39,0
193.02,39,0
8986.34,362,8
163.57,25,0
942.6,29,6
944.78,174,6
917.38,19,6
1814.76,204,2
1096.11,152,6
1756.82,138,2
3296.17,169,7
786.98,40,6
354.74,71,0
2240.76,221,7
1877.23,43,2
132.42000000000002,11,0
98.85,6,0
4196.38,445,4
371.32,10,0
232.55,50,0
161.47,47,0
931.88,191,6
3112.91,457,7
1699.05,111,2
4018.26,263,4
298.9,76,0
183.4,10,0
244.79999999999998,2,0
805.88,56,6
182.39,63,0
81.44,4,0
1150.7,22,6
384.08000000000004,24,0
689.28,42,6
1736.25,256,2
62.550000000000004,4,0
1479.92,105,2
443.35,23,0
445.17,33,0
1179.54,61,2
1883.51,240,2
244.10000000000002,17,0
463.72,30,0
88.6,6,0
568.56,4,6
528.35,29,6
91.35,7,0
2385.1,128,7
748.5500000000001,37,6
93.56,5,0
1409.23,71,2
702.09,42,6
136.38,7,0
3229.05,189,7
3874.7200000000003,205,4
724.48,34,6
89.2,16,0
2310.02,78,7
1277.6,64,2
422.96,14,0
2327.31,120,7
171.05,39,0
1493.8200000000002,69,2
504.04,36,0
556.02,12,6
1701.86,97,2
300.75,13,0
2740.27,56,7
155.3,8,0
1224.29,42,2
2553.79,92,7
1202.35,183,2
453.12,21,0
15885.22,556,3
1183.38,65,2
12797.24,242,9
249.81,13,0
1479.71,23,2
136.4,9,0
1942.91,92,2
185.60999999999999,12,0
2770.78,110,7
4670.53,228,4
3978.96,212,4
200.05,13,0
578.16,34,6
189.97,15,0
251.5,12,0
691.22,30,6
1736.45,89,2
268.75,15,0
85.05,4,0
2133.69,117,7
335.45,19,0
1221.18,54,2
693.0,47,6
791.69,28,6
1448.82,81,2
8695.05,311,8
137.4,4,0
212.57999999999998,29,0
41.15,3,0
328.40000000000003,20,0
431.7,23,0
138.0,9,0
326.4,1,0
4475.37,189,4
50.85,2,0
4267.35,213,4
993.7,44,6
1718.29,92,2
2446.4,9,7
914.8000000000001,34,6
2938.3,159,7
848.67,53,6
2284.08,132,7
4424.63,180,4
884.85,49,6
224.47,13,0
628.37,31,6
552.79,33,6
10679.12,558,9
249.06,16,0
123.39,7,0
1551.52,77,2
2076.53,36,2
156.81,8,0
1830.8,110,2
95.25,5,0
612.72,31,6
1389.93,150,2
1630.38,80,2
4520.35,592,4
2802.37,334,7
704.0600000000001,77,6
227.79,21,0
492.84999999999997,14,0
15.0,1,0
533.17,55,6
270.43,42,0
259.2,19,0
1891.05,91,2
3067.32,246,7
877.77,32,6
172.15,40,0
157.77,48,0
1037.45,129,6
20.4,1,0
523.75,145,6
474.76,62,0
188.02,12,0
208.29,49,0
100.79,10,0
187.16,52,0
1537.38,111,2
842.9000000000001,4,6
179.05,10,0
1526.67,152,2
93.35,9,0
287.15,48,0
236.88,35,0
623.55,72,6
671.12,93,6
2282.13,309,7
1022.46,83,6
1100.48,119,6
325.5,8,0
404.43,31,0
5121.900000000001,54,1
577.89,112,6
1436.86,303,2
30.759999999999998,14,0
355.59999999999997,27,0
2755.37,38,7
288.32,12,0
1547.84,174,2
1602.34,56,2
713.56,23,6
324.3,18,0
35.400000000000006,2,0
111.89,44,0
277.54,45,0
99.02,18,0
1148.78,125,6
2280.14,98,7
253.6,45,0
161.03,28,0
29.919999999999998,3,0
2033.1,1,2
709.1899999999999,38,6
501.1,22,0
4290.07,234,4
91.9,20,0
179.76,10,0
163.73,13,0
1216.43,13,2
23376.54,45,5
4089.67,161,4
143.0,22,0
223.87,48,0
1607.99,175,2
165.4,6,0
2630.28,122,7
479.55,82,0
7835.55,289,8
243.25,7,0
1142.1000000000001,65,6
257.89,29,0
1535.61,220,2
88.0,6,0
1593.96,38,2
467.67,32,0
211.31,10,0
333.06,24,0
154.67,5,0
380.24,22,0
32.45,5,0
533.78,121,6
529.46,92,6
152.08,53,0
745.53,91,6
45.65,5,0
609.82,52,6
143.17000000000002,13,0
514.74,75,6
185.79,30,0
201.20999999999998,21,0
86.11,14,0
919.39,150,6
91.65,15,0
256.32,2,0
493.64,95,0
112.71,19,0
139.54,25,0
97.19999999999999,5,0
87.93,17,0
180.02,35,0
558.29,30,6
57.1,9,0
194.18,48,0
330.51,34,0
265.81,34,0
327.65,44,0
291.74,65,0
288.11,74,0
1051.44,18,6
3461.64,548,4
696.35,128,6
207.50000000000003,1,0
2633.6400000000003,27,7
244.08,1,0
327.81,18,0
152.85000000000002,14,0
435.0,3,0
1113.84,31,6
298.91,50,0
980.3100000000001,68,6
557.19,17,6
88.65,18,0
304.27,61,0
3306.0,32,7
86.94000000000001,10,0
3966.04,17,4
304.56,2,0
77.50000000000001,2,0
83.67999999999999,15,0
128.68,7,0
358.56000000000006,1,0
397.36,61,0
477.06000000000006,13,0
1902.75,389,2
531.15,16,6
12.75,1,0
91.32,27,0
508.4599999999999,7,6
60.910000000000004,19,0
1054.08,199,6
86.78,31,0
351.27,81,0
2036.24,254,2
886.88,58,6
87.96,35,0
247.81,72,0
195.25,11,0
411.79,23,0
99.24,27,0
275.78000000000003,12,0
534.34,133,6
3731.76,238,4
278.19,49,0
263.88,18,0
285.92,11,0
582.8,115,6
599.9,20,6
126.93,40,0
470.1,15,0
20.8,1,0
186.69,11,0
189.15,32,0
514.64,25,6
90.4,4,0
614.67,69,6
76.1,2,0
1640.73,135,2
328.26,73,0
360.68,47,0
146.44,31,0
210.24,51,0
334.45,13,0
1452.4399999999998,26,2
230.54,27,0
171.05,13,0
98.59,26,0
127.74,25,0
138.17,26,0
100.45,39,0
1123.75,95,6
358.0,2,0
99.09,23,0
34.7,4,0
559.52,151,6
371.65,17,0
107.76,19,0
224.05,8,0
73.5,5,0
74.22,27,0
321.99,89,0
613.75,47,6
345.09000000000003,80,0
53.37,14,0
247.65,13,0
3060.88,375,7
155.14999999999998,6,0
444.87,92,0
1644.0900000000001,101,2
168.45,39,0
138.64000000000001,4,0
53.4,3,0
187.62,13,0
5258.78,280,1
285.05,14,0
170.15999999999997,3,0
267.26,16,0
1812.76,37,2
543.02,21,6
618.5,5,6
2004.82,115,2
282.3,9,0
286.68,30,0
101.69999999999999,1,0
1663.85,385,2
320.8,18,0
170.28,13,0
3492.44,68,4
444.75,11,0
2140.62,117,7
2251.05,186,7
232.64,21,0
2777.11,89,7
1231.5,2,2
216.97,10,0
551.47,59,6
90.47999999999999,1,0
604.15,23,6
101.34,7,0
4055.7199999999993,2,4
158.91,34,0
7633.42,72,8
1542.52,27,2
2416.78,55,7
479.25,17,0
746.0,170,6
2243.48,87,7
161.43,17,0
193.43,34,0
519.62,27,6
103.55000000000001,14,0
342.95,29,0
230.5,14,0
6311.93,367,1
220.60000000000002,42,0
278.84,21,0
76.32000000000001,1,0
204.25,25,0
1130.7,302,6
282.8,64,0
106.03,22,0
94.5,14,0
468.4,24,0
1496.12,295,2
457.05,29,0
847.97,150,6
159.91,44,0
297.23,38,0
108.95,12,0
885.24,58,6
931.4999999999999,1,6
665.36,17,6
562.27,26,6
152.65,8,0
5732.4,134,1
1019.5200000000001,15,6
802.36,49,6
2771.3,38,7
2168.18,170,7
147.15,9,0
110.46000000000001,4,0
507.79999999999995,13,6
432.78000000000003,28,0
500.67,30,0
365.59,19,0
308.24,21,0
623.79,114,6
348.7,27,0
405.2,15,0
509.71000000000004,31,6
1257.3,64,2
297.14,19,0
168.06,7,0
1186.0800000000002,30,2
871.98,103,6
182.85000000000002,8,0
806.21,28,6
931.9,44,6
6226.58,154,1
1821.5800000000002,25,2
104.0,1,0
363.5,22,0
1131.17,59,6
1238.81,76,2
1257.38,60,2
1503.49,96,2
298.51,33,0
505.47,30,6
49.8,1,0
212.9,13,0
1629.18,62,2
892.84,56,6
179.76000000000002,10,0
154.39999999999998,5,0
837.07,38,6
192.82,12,0
483.2,3,0
575.65,113,6
4841.59,130,1
109.73,24,0
1145.63,54,6
88.72,15,0
1734.66,169,2
436.01,26,0
110.60000000000001,6,0
1966.8600000000001,102,2
518.07,35,6
202.89,35,0
190.1,12,0
243.60000000000002,10,0
391.05,22,0
595.27,29,6
626.68,19,6
1552.36,87,2
305.28000000000003,2,0
898.62,54,6
303.38,13,0
5242.08,217,1
90.75,6,0
4568.13,221,4
4135.81,190,4
78.75,4,0
513.71,21,6
6165.74,133,1
2085.4,67,2
1694.58,101,2
472.47,28,0
440.0,1,0
1465.09,85,2
665.79,37,6
806.6,48,6
1223.18,69,2
404.73,5,0
1684.28,85,2
2015.4,68,2
2109.66,141,7
566.6,3,6
709.27,41,6
57.9,5,0
311.02,19,0
3670.3199999999997,13,4
452.24,77,0
58.0,4,0
2037.44,103,2
1863.8000000000002,33,2
2150.19,109,7
229.9,15,0
118.8,11,0
917.76,46,6
616.91,35,6
25.5,1,0
118.8,5,0
268.15000000000003,10,0
2409.5,126,7
204.0,3,0
158.52,10,0
280.66,12,0
110.38,8,0
139.10000000000002,7,0
156.9,9,0
47.37,5,0
143.75,10,0
1750.0,612,2
1550.72,53,2
